,City,Cloudiness,Country,Date,Humidity,Latitude,Longitude,Max Temp,Wind Speed
0,khatanga,0,RU,1600849292,46,71.97,102.5,55.6,18.54
1,rikitea,10,PF,1600849293,75,-23.12,-134.97,72.39,16.37
2,narsaq,0,GL,1600849293,78,60.92,-46.05,32.0,10.29
3,butaritari,2,KI,1600849293,77,3.07,172.79,82.04,13.22
4,bambous virieux,40,MU,1600849293,61,-20.34,57.76,77.0,11.41
5,avarua,100,CK,1600849293,88,-21.21,-159.78,77.0,12.75
6,barrow,90,US,1600849293,92,71.29,-156.79,32.0,12.75
7,hobart,75,AU,1600849293,71,-42.88,147.33,50.0,17.22
8,miles city,1,US,1600849294,34,46.41,-105.84,64.4,5.82
9,busselton,7,AU,1600849294,39,-33.65,115.33,71.01,5.55
10,taoudenni,6,ML,1600849294,14,22.68,-3.98,96.62,3.33
11,nagua,99,DO,1600849294,96,19.38,-69.85,73.0,3.47
12,tuktoyaktuk,0,CA,1600849294,86,69.45,-133.04,36.54,7.83
13,derzhavinsk,100,KZ,1600849294,70,51.1,66.32,54.07,31.07
14,jamestown,1,US,1600849294,93,42.1,-79.24,46.4,3.36
15,nicoya,96,CR,1600849295,92,10.15,-85.45,74.01,0.74
16,pisco,90,PE,1600849295,87,-13.7,-76.22,59.0,3.36
17,oyama,75,JP,1600849295,94,36.3,139.8,73.99,11.41
18,clyde river,1,CA,1600849295,73,70.47,-68.59,21.2,2.24
19,albany,12,US,1600849295,95,42.6,-73.97,54.0,8.77
20,rawson,0,AR,1600849295,50,-43.3,-65.1,49.14,11.34
21,punta arenas,75,CL,1600849299,81,-53.15,-70.92,42.8,11.41
22,nikolskoye,20,RU,1600849299,93,59.7,30.79,55.0,4.47
23,montepuez,0,MZ,1600849299,37,-13.13,39.0,83.43,11.07
24,port alfred,47,ZA,1600849299,51,-33.59,26.89,67.59,4.59
25,east london,2,ZA,1600849299,49,-33.02,27.91,71.6,8.05
26,hilo,90,US,1600849209,83,19.73,-155.09,75.2,10.29
27,ushuaia,75,AR,1600849300,86,-54.8,-68.3,39.2,4.7
28,acarau,8,BR,1600849300,85,-2.89,-40.12,74.55,13.96
29,chapais,90,CA,1600849300,87,49.78,-74.85,55.4,5.82
30,umm lajj,0,SA,1600849300,40,25.02,37.27,95.34,10.69
31,lebu,94,CL,1600849300,86,-37.62,-73.65,46.22,11.88
32,esperance,40,AU,1600849300,67,-33.87,121.9,62.6,9.17
33,lorengau,79,PG,1600849301,73,-2.02,147.27,83.55,7.9
34,pangnirtung,100,CA,1600849301,81,66.15,-65.71,32.11,7.83
35,bluff,16,NZ,1600849301,74,-46.6,168.33,55.0,5.01
36,dingle,56,PH,1600849301,79,11.0,122.67,84.69,5.01
37,yellowknife,40,CA,1600849302,87,62.46,-114.35,48.2,4.7
38,grand gaube,3,MU,1600849302,55,-20.01,57.66,77.0,11.01
39,sitka,90,US,1600849302,62,57.05,-135.33,55.4,19.46
40,lata,63,PT,1600849302,92,40.16,-8.33,68.0,5.23
41,ushtobe,100,KZ,1600849302,23,45.25,77.98,67.96,11.79
42,nacala,75,MZ,1600849302,54,-14.54,40.67,84.2,18.34
43,geraldton,0,AU,1600849303,10,-28.77,114.6,89.6,9.17
44,qaanaaq,10,GL,1600849303,79,77.48,-69.36,11.71,11.18
45,krasnorechenskiy,34,RU,1600849303,75,44.63,135.35,55.71,3.6
46,kapaa,40,US,1600849019,69,22.08,-159.32,80.6,16.11
47,saint-philippe,51,RE,1600849303,54,-21.36,55.77,78.8,19.46
48,san cristobal,100,VE,1600849303,76,7.77,-72.22,66.27,1.43
49,kodiak,90,US,1600849304,81,57.79,-152.41,50.0,18.34
50,minab,0,IR,1600849304,23,27.15,57.08,104.0,11.41
51,hostotipaquillo,31,MX,1600849304,93,21.07,-104.07,69.01,5.01
52,waiuku,100,NZ,1600849304,77,-37.25,174.75,63.0,11.41
53,asau,0,RO,1600849304,60,46.43,26.4,68.0,3.4
54,atherton,100,GB,1600849305,96,53.52,-2.49,54.0,8.01
55,severo-kurilsk,17,RU,1600849305,80,50.68,156.12,48.4,6.17
56,nemuro,75,JP,1600849305,82,43.32,145.57,57.2,6.93
57,mataura,22,NZ,1600849305,74,-46.19,168.86,55.0,5.01
58,ballina,0,AU,1600849165,53,-28.87,153.57,77.0,11.41
59,thompson,5,CA,1600849305,93,55.74,-97.86,35.6,3.36
60,dikson,100,RU,1600849305,84,73.51,80.55,42.19,17.36
61,jurm,0,AF,1600849305,23,36.86,70.83,68.97,6.49
62,kijang,75,KR,1600849027,56,35.24,129.21,73.4,14.99
63,cap malheureux,2,MU,1600849306,55,-19.98,57.61,77.0,11.01
64,conceicao do araguaia,35,BR,1600849306,79,-8.26,-49.26,75.47,6.04
65,vaini,40,TO,1600849306,88,-21.2,-175.2,71.6,6.93
66,amos,75,CA,1600849306,87,48.57,-78.12,57.2,6.93
67,melfi,20,IT,1600849306,77,41.0,15.65,78.8,4.7
68,awbari,0,LY,1600849306,25,26.59,12.78,84.18,16.11
69,slave lake,1,CA,1600849307,81,55.28,-114.77,46.4,10.29
70,canico,40,PT,1600849307,83,32.63,-16.85,75.2,19.46
71,okha,0,RU,1600849307,74,53.57,142.95,51.58,5.14
72,carnarvon,2,AU,1600849199,20,-24.87,113.63,87.8,18.34
73,semme,90,FR,1600849307,100,46.2,1.5,61.0,8.05
74,ahipara,63,NZ,1600849307,90,-35.17,173.17,57.81,9.71
75,georgetown,40,MY,1600849308,62,5.41,100.34,89.6,8.05
76,haines junction,100,CA,1600849308,82,60.75,-137.51,41.65,1.83
77,plymouth,1,US,1600849308,62,41.83,-70.83,54.0,10.29
78,waddan,0,LY,1600849308,27,29.16,16.14,85.37,9.28
79,tynda,100,RU,1600849308,73,55.17,124.72,53.58,4.9
80,altay,100,CN,1600849308,40,47.87,88.12,59.18,1.72
81,longyearbyen,75,SJ,1600849308,64,78.22,15.64,35.6,14.99
82,atuona,31,PF,1600849308,73,-9.8,-139.03,78.12,19.08
83,khasan,97,RU,1600849309,82,42.43,130.64,61.45,8.3
84,chuy,69,UY,1600849309,87,-33.7,-53.46,46.06,5.03
85,fort nelson,40,CA,1600849309,93,58.81,-122.7,37.4,2.24
86,aranos,0,NA,1600849087,29,-24.13,19.12,80.51,17.98
87,touros,1,BR,1600849309,94,-5.2,-35.46,69.8,4.7
88,guhagar,100,IN,1600849309,83,17.48,73.19,83.01,11.92
89,ilulissat,0,GL,1600849309,68,69.22,-51.1,24.8,2.24
90,te anau,32,NZ,1600849309,85,-45.42,167.72,45.0,5.48
91,hualmay,5,PE,1600849310,86,-11.1,-77.61,59.88,5.68
92,kaitangata,2,NZ,1600849310,78,-46.28,169.85,51.01,1.01
93,palmer,1,US,1600849310,81,42.16,-72.33,48.99,5.28
94,castro,78,BR,1600849310,91,-24.79,-50.01,50.94,10.13
95,vila franca do campo,75,PT,1600849310,93,37.72,-25.43,64.4,3.36
96,trincomalee,47,LK,1600849311,57,8.57,81.23,90.34,14.0
97,biltine,75,TD,1600849311,36,14.53,20.92,90.18,7.47
98,hermanus,12,ZA,1600849312,62,-34.42,19.23,66.0,1.01
99,bonavista,100,CA,1600849312,95,48.65,-53.11,56.91,28.12
100,cape town,88,ZA,1600849056,77,-33.93,18.42,69.01,11.41
101,rio gallegos,75,AR,1600849217,49,-51.62,-69.22,46.4,13.87
102,znamenskoye,100,RU,1600849145,68,57.13,73.83,46.78,14.47
103,poum,25,NC,1600849312,74,-20.23,164.02,72.84,8.59
104,port lincoln,12,AU,1600849312,69,-34.73,135.87,54.79,15.5
105,lagos,40,NG,1600849291,88,6.58,3.75,80.6,9.17
106,mitu,97,CO,1600849313,98,1.2,-70.17,72.16,1.34
107,clarence town,1,AU,1600849313,30,-32.58,151.78,69.8,17.22
108,yar-sale,96,RU,1600849313,66,66.83,70.83,45.12,16.78
109,isabela,40,PH,1600849313,70,6.71,121.97,87.8,6.93
110,bethel,31,US,1600849313,90,41.37,-73.41,46.99,4.14
111,aksarayskiy,31,RU,1600849313,30,46.79,48.01,69.8,6.71
112,dickinson,90,US,1600849314,88,29.46,-95.05,75.99,6.6
113,alanya,20,TR,1600849093,70,36.54,32.0,84.2,3.36
114,khorixas,28,NA,1600849314,14,-20.37,14.97,84.9,2.89
115,polson,39,US,1600849314,100,47.69,-114.16,46.0,1.99
116,margate,100,GB,1600849314,89,51.38,1.39,64.0,3.0
117,dudinka,75,RU,1600849314,61,69.41,86.18,46.4,22.37
118,salalah,75,OM,1600849314,83,17.02,54.09,82.4,13.87
119,hastings,100,GB,1600849021,81,50.86,0.57,64.0,4.0
120,mar del plata,0,AR,1600849315,77,-38.0,-57.56,50.0,1.01
121,upernavik,0,GL,1600849315,90,72.79,-56.15,24.91,6.85
122,naze,75,JP,1600849315,83,28.37,129.48,82.4,13.87
123,bahia blanca,15,AR,1600849210,67,-38.72,-62.27,49.71,6.08
124,klyuchi,94,RU,1600849315,45,52.27,79.17,54.34,18.25
125,saskylakh,0,RU,1600849315,45,71.92,114.08,52.65,17.81
126,lompoc,90,US,1600849315,93,34.64,-120.46,55.99,3.36
127,songjianghe,92,CN,1600849315,71,42.19,127.48,61.2,4.29
128,tezu,100,IN,1600849316,86,27.92,96.17,75.61,3.69
129,sovetskiy,100,RU,1600849146,88,61.36,63.58,44.62,8.75
130,airai,45,TL,1600849317,59,-8.93,125.41,73.87,5.53
131,new norfolk,23,AU,1600849317,72,-42.78,147.06,50.0,1.99
132,coihaique,20,CL,1600849084,86,-45.58,-72.07,37.4,1.12
133,nanortalik,0,GL,1600849317,75,60.14,-45.24,35.35,5.39
134,oksfjord,85,NO,1600849317,57,70.24,22.35,48.2,10.29
135,guanica,100,PR,1600849318,86,17.97,-66.91,80.01,4.18
136,talnakh,75,RU,1600849318,65,69.49,88.4,46.4,22.37
137,kamariotissa,0,GR,1600849318,69,40.48,25.47,77.0,4.7
138,ancud,23,CL,1600849319,89,-41.87,-73.82,44.01,6.2
139,athabasca,15,CA,1600849319,73,54.72,-113.29,47.52,7.56
140,podgornoye,56,RU,1600849107,42,51.73,39.15,66.2,4.47
141,port macquarie,1,AU,1600849319,67,-31.43,152.92,66.0,2.86
142,plouzane,75,FR,1600849320,87,48.38,-4.62,60.8,11.41
143,kahului,1,US,1600849161,65,20.89,-156.47,78.8,11.41
144,cherskiy,97,RU,1600849320,91,68.75,161.3,41.31,8.66
145,nabire,98,ID,1600849320,68,-3.37,135.48,83.55,2.24
146,nishihara,75,JP,1600849320,78,26.18,127.76,82.4,8.05
147,muroto,75,JP,1600849320,65,33.28,134.15,80.6,5.82
148,moyale,100,KE,1600849320,77,3.52,39.06,69.35,13.22
149,henties bay,0,NA,1600849320,94,-22.12,14.28,55.0,0.72
150,krasnoselkup,97,RU,1600849321,59,65.7,82.47,47.44,17.13
151,nizwa,0,OM,1600849321,8,22.93,57.53,100.94,6.33
152,rovaniemi,75,FI,1600849321,80,66.5,25.72,41.0,8.05
153,gornopravdinsk,100,RU,1600849321,95,60.05,69.9,39.33,12.33
154,torbay,90,CA,1600849321,100,47.67,-52.73,61.0,24.16
155,maposeni,40,TZ,1600849322,64,-10.58,35.4,73.4,9.17
156,tasiilaq,100,GL,1600849322,68,65.61,-37.64,28.4,5.82
157,norman wells,20,CA,1600849322,77,65.28,-126.83,32.0,1.92
158,guder,36,ET,1600849322,70,8.97,37.77,68.68,2.53
159,bredasdorp,40,ZA,1600849322,67,-34.53,20.04,62.6,5.82
160,cabo san lucas,2,MX,1600849323,83,22.89,-109.91,81.0,1.01
161,lumsden,90,CA,1600849110,71,50.65,-104.87,57.99,9.17
162,san joaquin,100,VE,1600849324,81,10.26,-67.79,74.16,1.01
163,kavarna,20,BG,1600849324,60,43.43,28.33,71.6,9.17
164,loiza,40,PR,1600849324,74,18.43,-65.88,82.4,5.03
165,luderitz,0,NA,1600849324,42,-26.65,15.16,66.83,3.67
166,petropavlovsk-kamchatskiy,40,RU,1600849324,76,53.05,158.65,51.8,6.71
167,hasaki,75,JP,1600849325,94,35.73,140.83,71.6,10.29
168,port elizabeth,49,ZA,1600849325,49,-33.92,25.57,69.8,2.24
169,cordoba,99,AR,1600849118,37,-31.41,-64.18,63.0,10.29
170,kavieng,100,PG,1600849325,68,-2.57,150.8,83.52,10.18
171,nayoro,90,JP,1600849325,77,44.35,142.46,56.23,6.13
172,jalu,0,LY,1600849325,41,29.03,21.55,79.72,7.18
173,karratha,0,AU,1600849325,21,-20.74,116.85,86.59,13.4
174,kamloops,75,CA,1600849209,51,50.67,-120.32,62.6,8.05
175,provideniya,66,RU,1600849326,75,64.38,-173.3,40.6,2.71
176,belyy yar,40,RU,1600849326,76,53.6,91.39,57.2,4.47
177,kothi,100,IN,1600849326,78,24.75,80.78,84.36,8.48
178,maragogi,55,BR,1600849326,83,-9.01,-35.22,74.43,9.57
179,ribeira grande,40,PT,1600849326,68,38.52,-28.7,66.2,16.11
180,innisfail,1,AU,1600849314,78,-17.53,146.03,73.81,3.31
181,ciudad bolivar,61,VE,1600849326,81,8.12,-63.55,78.06,7.94
182,dukat,89,RU,1600849326,90,62.55,155.55,28.38,3.8
183,bianzhuang,39,CN,1600849327,68,34.85,118.04,79.0,1.01
184,brasileia,6,BR,1600849327,72,-11.02,-68.75,68.09,2.3
185,the pas,1,CA,1600849327,93,53.83,-101.25,39.2,4.7
186,nome,1,US,1600849327,74,64.5,-165.41,37.99,5.82
187,yulara,0,AU,1600849327,13,-25.24,130.99,80.6,9.17
188,ondjiva,0,AO,1600849328,14,-17.07,15.73,98.6,9.17
189,bandarbeyla,76,SO,1600849328,41,9.49,50.81,90.5,25.57
190,saint-georges,40,GD,1600849328,88,12.06,-61.75,80.6,5.82
191,souillac,40,MU,1600849328,61,-20.52,57.52,77.0,11.41
192,pirgos,20,GR,1600849328,69,35.12,25.72,79.0,14.99
193,puerto ayora,54,EC,1600849328,84,-0.74,-90.35,66.99,5.01
194,saldanha,0,ZA,1600849329,67,-33.01,17.94,62.6,4.7
195,padang,86,ID,1600849329,74,-0.95,100.35,83.08,8.32
196,coahuayana,100,MX,1600849329,86,18.73,-103.68,76.82,2.57
197,venice,1,US,1600849329,83,27.1,-82.45,71.6,10.29
198,san ignacio,0,BZ,1600849268,82,17.16,-89.07,75.99,1.48
199,saquarema,99,BR,1600849329,89,-22.92,-42.51,66.47,12.44
200,sioux lookout,40,CA,1600849329,71,50.1,-91.92,57.2,4.7
201,vao,0,NC,1600849330,80,-22.67,167.48,70.2,13.53
202,itaituba,58,BR,1600849330,89,-4.28,-55.98,73.98,1.77
203,jasper,1,US,1600849322,93,37.2,-94.35,63.0,3.38
204,ponta delgada,75,PT,1600849330,93,37.73,-25.67,64.4,3.36
205,pevek,100,RU,1600849330,94,69.7,170.31,37.38,13.0
206,lavrentiya,100,RU,1600849330,86,65.58,-171.0,38.95,2.86
207,bangonay,98,PH,1600849330,69,9.31,125.55,84.34,2.04
208,botou,100,CN,1600849331,84,38.07,116.57,66.06,4.12
209,dwarka,94,IN,1600849331,68,22.24,68.97,86.34,13.69
210,wattegama,40,LK,1600849331,66,6.8,81.48,89.6,16.11
211,grosseto,20,IT,1600849331,77,42.83,11.25,68.0,5.82
212,luena,58,AO,1600849331,82,-11.78,19.92,68.0,5.82
213,zheleznodorozhnyy,0,RU,1600849331,72,55.75,38.0,60.8,2.24
214,umuarama,0,BR,1600849244,78,-23.77,-53.33,58.51,9.71
215,ubauro,0,PK,1600849331,7,28.17,69.73,110.08,2.28
216,barcelos,75,PT,1600849332,93,41.54,-8.62,68.0,4.7
217,kruisfontein,17,ZA,1600849332,39,-34.0,24.73,66.47,3.62
218,chokurdakh,7,RU,1600849332,77,70.63,147.92,43.11,8.05
219,chernyshevskiy,0,RU,1600849332,51,63.01,112.47,57.69,8.21
220,skibbereen,75,IE,1600849332,93,51.55,-9.27,46.4,6.93
221,snezhnogorsk,32,RU,1600849332,60,69.19,33.25,42.8,6.71
222,wellsford,94,NZ,1600849332,85,-36.28,174.52,61.0,1.01
223,faya,40,SA,1600849333,11,18.39,42.45,80.6,23.04
224,meulaboh,100,ID,1600849333,89,4.14,96.13,78.37,8.21
225,genhe,80,CN,1600849333,84,50.78,121.52,45.7,4.52
226,axim,100,GH,1600849333,87,4.87,-2.24,75.65,8.39
227,carlyle,57,US,1600849333,94,38.61,-89.37,55.99,3.0
228,avdon,75,RU,1600849333,82,54.67,55.72,55.4,15.66
229,iquitos,100,PE,1600849208,98,-3.75,-73.25,71.44,2.13
230,yambio,0,SS,1600849334,75,4.57,28.4,81.84,3.11
231,dingalan,58,PH,1600849334,75,15.39,121.39,84.99,1.77
232,guiyang,90,CN,1600849334,82,26.58,106.72,64.4,6.71
233,grand-santi,50,GF,1600849334,94,4.25,-54.38,69.58,2.08
234,cidreira,56,BR,1600849334,77,-30.18,-50.21,58.32,16.69
235,nushki,0,PK,1600849334,15,29.55,66.02,82.98,7.11
236,tamiahua,0,MX,1600849335,79,21.27,-97.45,72.3,5.95
237,sao filipe,7,CV,1600849335,79,14.9,-24.5,79.86,2.53
238,saint-augustin,100,CA,1600849335,93,51.23,-58.65,48.74,22.24
239,hithadhoo,100,MV,1600849335,62,-0.6,73.08,82.74,4.05
240,brae,40,GB,1600849335,81,60.4,-1.35,46.4,4.7
241,evensk,2,RU,1600849335,80,61.95,159.23,36.32,3.02
242,tautira,20,PF,1600849335,61,-17.73,-149.15,80.6,8.05
243,natal,40,BR,1600849252,88,-5.79,-35.21,71.6,6.93
244,olinda,20,BR,1600849276,73,-8.01,-34.86,77.0,8.05
245,anadyr,17,RU,1600849336,86,64.75,177.48,41.0,10.83
246,daru,65,PG,1600849336,82,-9.08,143.21,78.78,14.74
247,boca do acre,94,BR,1600849336,74,-8.75,-67.4,70.34,2.55
248,pasni,0,PK,1600849336,33,25.26,63.47,92.7,6.73
249,mountain home,75,US,1600849336,47,43.13,-115.69,57.2,3.36
250,tlacotepec,3,MX,1600849336,87,20.07,-97.87,60.91,3.56
251,gubkinskiy,89,RU,1600849337,61,64.43,76.5,46.13,18.63
252,ribera,32,IT,1600849337,76,37.5,13.26,82.0,3.0
253,alice springs,0,AU,1600849070,21,-23.7,133.88,77.0,14.99
254,shimoda,75,JP,1600849337,83,34.67,138.95,73.4,31.09
255,tiksi,68,RU,1600849337,60,71.69,128.87,47.91,14.58
256,akyab,100,MM,1600849337,79,20.15,92.9,84.25,4.36
257,faanui,3,PF,1600849337,82,-16.48,-151.75,78.55,17.25
258,lasa,75,IT,1600849338,100,46.62,10.7,57.99,1.23
259,katunino,40,RU,1600849338,62,64.39,40.63,51.8,13.42
260,hilton head island,1,US,1600849244,93,32.22,-80.75,63.0,3.98
261,yubari,40,JP,1600849338,77,43.04,141.96,68.0,10.29
262,kaduy,75,RU,1600849338,87,59.2,37.15,55.4,4.47
263,batemans bay,54,AU,1600849338,72,-35.72,150.18,64.0,5.99
264,isangel,2,VU,1600849338,77,-19.55,169.27,71.08,11.43
265,biak,95,ID,1600849339,73,-0.91,122.88,82.02,7.05
266,bechem,87,GH,1600849339,89,7.09,-2.02,73.71,4.45
267,russell,90,US,1600849339,93,32.35,-85.2,64.4,3.24
268,whitehorse,40,CA,1600849339,65,60.72,-135.05,46.4,12.75
269,pitkyaranta,98,RU,1600849272,89,61.57,31.48,52.43,11.83
270,goure,0,NE,1600849339,39,13.98,10.27,90.0,5.01
271,darnah,0,LY,1600849339,60,32.77,22.64,78.71,9.55
272,chifeng,94,CN,1600849340,43,42.27,118.96,70.57,9.1
273,kyabe,99,TD,1600849340,89,9.45,18.94,76.55,2.57
274,elko,1,US,1600849340,45,41.0,-115.5,57.99,3.36
275,ormara,81,PK,1600849340,36,25.21,64.64,92.86,6.71
276,bengkulu,2,ID,1600849340,75,-3.8,102.27,85.3,12.26
277,flinders,36,AU,1600849341,39,-34.58,150.86,66.99,4.0
278,madison,90,US,1600849128,100,34.73,-86.57,59.0,3.36
279,shelburne,1,CA,1600849341,100,44.08,-80.2,53.01,9.1
280,fortuna,1,US,1600849089,100,40.6,-124.16,55.0,6.93
281,qaqortoq,0,GL,1600849341,80,60.72,-46.03,32.0,10.29
282,wana,0,PK,1600849341,12,32.3,69.57,85.17,8.19
283,namatanai,100,PG,1600849341,70,-3.67,152.43,81.59,7.43
284,aktash,100,RU,1600849342,63,50.3,87.73,42.69,6.42
285,ambunti,84,PG,1600849342,74,-4.24,142.84,83.32,2.53
286,aleksandrov gay,0,RU,1600849342,39,50.15,48.57,70.25,15.99
287,mayo,1,US,1600849342,59,38.89,-76.51,62.6,3.36
288,tahta,0,EG,1600849342,40,26.77,31.5,87.8,14.99
289,borogontsy,46,RU,1600849342,53,62.67,131.17,53.13,1.88
290,kenora,5,CA,1600849343,59,49.82,-94.43,62.6,8.05
291,oranjemund,0,NA,1600849343,18,-28.55,16.43,75.6,6.76
292,filingue,0,NE,1600849343,53,14.35,3.32,85.17,9.06
293,makakilo city,1,US,1600849343,65,21.35,-158.09,80.6,3.36
294,obzor,20,BG,1600849343,64,42.82,27.88,78.01,6.93
295,riacho de santana,63,BR,1600849343,81,-13.61,-42.94,68.31,4.18
296,chicama,77,PE,1600849344,81,-7.84,-79.15,62.24,2.95
297,zuidhorn,5,NL,1600849344,87,53.25,6.4,63.0,9.17
298,nisia floresta,40,BR,1600849344,88,-6.09,-35.21,71.6,6.93
299,jiwani,0,PK,1600849344,31,25.05,61.74,89.98,10.54
300,laguna,1,US,1600849344,55,38.42,-121.42,66.0,3.36
301,lakes entrance,30,AU,1600849344,78,-37.88,147.98,54.0,3.0
302,dunedin,16,NZ,1600849345,81,-45.87,170.5,52.0,1.99
303,alyangula,0,AU,1600849345,62,-13.85,136.42,86.0,9.17
304,muros,100,ES,1600849345,93,42.78,-9.06,64.0,1.01
305,coquimbo,90,CL,1600849345,93,-29.95,-71.34,51.8,3.36
306,roald,75,NO,1600849345,87,62.58,6.13,48.99,18.34
307,christchurch,0,NZ,1600849205,52,-43.53,172.63,64.4,13.87
308,kilindoni,15,TZ,1600849345,80,-7.91,39.67,78.06,14.67
309,berlevag,54,NO,1600849346,65,70.86,29.09,46.4,13.87
310,sao joao da barra,100,BR,1600849346,89,-21.64,-41.05,67.89,17.76
311,baykalsk,80,RU,1600849346,68,51.51,104.15,51.06,8.84
312,mackay,0,AU,1600849281,69,-21.15,149.2,77.0,12.75
313,wajima,75,JP,1600849346,78,37.4,136.9,73.4,4.7
314,dhidhdhoo,81,MV,1600849346,77,6.88,73.1,82.51,15.55
315,tabou,100,CI,1600849346,88,4.42,-7.35,76.68,6.13
316,santa cruz de la palma,100,ES,1600849347,65,28.68,-17.76,77.0,2.24
317,praya,20,CV,1600849347,94,14.92,-23.51,78.8,5.82
318,kysyl-syr,8,RU,1600849347,53,63.9,122.76,55.08,3.0
319,great yarmouth,100,GB,1600849347,99,52.61,1.73,64.0,8.01
320,alofi,100,NU,1600849347,100,-19.06,-169.92,68.0,3.36
321,sabirabad,90,AZ,1600849347,94,40.01,48.48,68.0,6.22
322,coronado,20,US,1600849347,77,32.69,-117.18,69.8,4.7
323,puerto maldonado,27,PE,1600849348,64,-12.6,-69.18,67.55,1.74
324,neuquen,0,AR,1600849348,44,-38.95,-68.06,50.0,3.36
325,hashtrud,0,IR,1600849348,39,37.48,47.05,72.86,12.33
326,la plata,100,AR,1600849348,94,-34.92,-57.95,48.99,8.46
327,oktyabrskiy,100,RU,1600849188,73,54.48,53.47,56.17,16.6
328,kendari,12,ID,1600849348,80,-3.94,122.5,82.24,5.1
329,witu,20,KE,1600849348,65,-2.39,40.44,83.8,13.33
330,sisimiut,0,GL,1600849350,90,66.94,-53.67,29.8,8.84
331,mayumba,99,GA,1600849350,80,-3.43,10.66,77.23,5.84
332,lively,20,CA,1600849350,100,46.43,-81.15,51.01,5.82
333,the valley,40,AI,1600849343,79,18.22,-63.06,84.2,5.82
334,parana,4,AR,1600849350,67,-31.73,-60.52,52.0,1.99
335,ixtapa,81,MX,1600849350,96,20.7,-105.2,79.0,1.01
336,imbituba,75,BR,1600849350,77,-28.24,-48.67,60.8,5.82
337,castanos,0,MX,1600849350,58,26.78,-101.42,73.99,4.0
338,saint george,1,US,1600849274,25,37.1,-113.58,73.4,6.93
339,hovd,69,MN,1600849351,21,48.01,91.64,71.26,9.78
340,macau,20,MO,1600849351,79,22.2,113.55,87.8,11.41
341,guerrero negro,0,MX,1600849351,67,27.98,-114.06,74.1,8.75
342,samarai,100,PG,1600849351,82,-10.62,150.67,78.39,13.47
343,mwingi,82,KE,1600849351,52,-0.93,38.06,77.74,12.82
344,huambo,76,AO,1600849210,77,-12.78,15.74,66.2,6.49
345,escanaba,1,US,1600849351,100,45.75,-87.06,48.2,2.21
346,swan hill,53,AU,1600849165,80,-35.34,143.55,52.68,9.82
347,viedma,0,AR,1600849352,62,-40.81,-63.0,43.3,5.35
348,westport,1,US,1600849082,62,41.14,-73.36,55.4,9.17
349,south bend,0,US,1600849352,93,41.68,-86.25,53.01,6.49
350,zoersel,20,BE,1600849352,82,51.27,4.71,63.0,4.7
351,biu,74,NG,1600849352,83,10.61,12.19,75.9,9.71
352,namibe,2,AO,1600849352,70,-15.2,12.15,71.46,4.32
353,doha,0,QA,1600849162,31,25.29,51.53,104.0,3.36
354,olavarria,98,AR,1600849353,65,-36.89,-60.32,48.99,1.01
355,beruwala,98,LK,1600849353,73,6.48,79.98,83.57,10.42
356,redlands,1,US,1600849246,43,34.06,-117.18,69.8,0.4
357,merauke,4,ID,1600849353,78,-8.47,140.33,81.7,18.72
358,blairmore,0,CA,1600849353,93,49.6,-114.44,51.01,11.41
359,paamiut,0,GL,1600849353,80,61.99,-49.67,31.59,11.34
360,tapa,0,EE,1600849353,87,59.26,25.96,66.0,10.29
361,katsuura,75,JP,1600849354,88,35.13,140.3,73.4,11.41
362,nagram,90,IN,1600849354,83,26.62,81.13,82.4,5.82
363,beringovskiy,1,RU,1600849354,71,63.05,179.32,42.26,8.39
364,banda aceh,88,ID,1600849334,74,5.56,95.32,83.25,7.0
365,seoul,90,KR,1600849242,49,37.57,126.98,73.4,5.82
366,palau,75,PW,1600849354,70,7.5,134.62,86.0,4.7
367,kurduvadi,100,IN,1600849354,69,18.08,75.43,84.47,19.04
368,la ronge,5,CA,1600849355,100,55.1,-105.28,35.6,2.24
369,nema,99,RU,1600849355,57,57.51,50.5,52.3,15.66
370,tecoanapa,11,MX,1600849355,85,16.52,-98.75,77.45,4.45
371,sovkhoznyy,0,RU,1600849355,31,45.29,38.11,78.8,15.66
372,grindavik,75,IS,1600849355,76,63.84,-22.43,37.4,24.16
373,fairbanks,90,US,1600849355,75,64.84,-147.72,46.4,5.68
374,yarada,75,IN,1600849355,70,17.65,83.27,89.6,10.29
375,owensboro,1,US,1600849356,93,37.77,-87.11,57.0,1.25
376,nieuw amsterdam,86,SR,1600849356,92,5.88,-55.08,77.0,4.0
377,isla mujeres,5,MX,1600849356,94,21.23,-86.73,77.0,2.46
378,bereznik,43,RU,1600849267,62,62.86,42.71,49.6,8.93
379,haikou,20,CN,1600849356,70,20.05,110.34,91.4,8.95
380,matamoros,3,MX,1600849356,39,25.53,-103.25,66.99,0.67
381,north bend,40,US,1600849356,82,43.41,-124.22,59.0,9.17
382,nhamunda,100,BR,1600849357,72,-2.19,-56.71,76.98,2.64
383,iqaluit,90,CA,1600849357,86,63.75,-68.51,33.8,19.46
384,dibai,60,IN,1600849357,51,28.22,78.25,93.16,7.92
385,luba,75,GQ,1600849357,100,3.46,8.55,75.2,5.82
386,gwadar,0,PK,1600849357,27,25.12,62.33,93.74,2.91
387,batagay-alyta,99,RU,1600849357,62,67.8,130.41,43.63,2.17
388,santa pola,100,ES,1600849143,64,38.19,-0.57,75.99,6.93
389,plettenberg bay,1,ZA,1600849358,50,-34.05,23.37,64.13,3.89
390,kemijarvi,100,FI,1600849358,77,66.71,27.43,43.36,7.14
391,rathkeale,75,IE,1600849358,93,52.52,-8.94,48.99,4.7
392,yining,100,CN,1600849358,86,29.04,114.56,66.74,2.21
393,hachinohe,75,JP,1600849358,77,40.5,141.5,66.2,16.11
394,broome,1,US,1600849358,76,42.25,-75.83,48.2,5.82
395,bogashevo,75,RU,1600849359,81,56.37,85.14,48.99,11.18
396,rawah,0,IQ,1600849359,27,34.48,41.91,92.93,11.92
397,petropavlovka,81,RU,1600849359,47,50.61,105.32,56.14,5.46
398,leh,0,IN,1600849359,24,34.17,77.58,60.98,9.26
399,egvekinot,34,RU,1600849359,86,66.32,-179.17,34.86,0.6
400,lisburn,85,GB,1600849359,81,54.52,-6.04,50.0,3.36
401,itarema,7,BR,1600849359,83,-2.92,-39.92,75.04,13.8
402,madingou,96,CG,1600849359,63,-4.15,13.55,80.11,4.5
403,ponta do sol,40,PT,1600849360,83,32.67,-17.1,75.2,19.46
404,alpena,20,US,1600849360,93,45.06,-83.43,48.2,5.73
405,uruzgan,0,AF,1600849360,14,32.83,66.0,76.62,3.98
406,mandera,100,KE,1600849360,55,3.94,41.87,82.87,13.62
407,vila velha,90,BR,1600849360,78,-20.33,-40.29,71.6,10.29
408,richards bay,0,ZA,1600849360,46,-28.78,32.04,74.14,7.99
409,kaeo,77,NZ,1600849360,85,-35.1,173.78,61.0,5.99
410,horsham,75,GB,1600849361,93,51.06,-0.33,61.0,6.93
411,aklavik,90,CA,1600849361,100,68.22,-135.01,35.6,6.93
412,arraial do cabo,100,BR,1600849361,85,-22.97,-42.03,67.84,16.8
413,villa bruzual,100,VE,1600849361,90,9.33,-69.12,74.17,2.08
414,nuqui,100,CO,1600849361,87,5.71,-77.27,77.47,3.42
415,srednekolymsk,100,RU,1600849361,84,67.45,153.68,41.79,5.39
416,houlton,90,US,1600849162,93,46.13,-67.84,44.6,11.41
417,omboue,100,GA,1600849361,80,-1.57,9.26,76.23,6.15
418,betioky,0,MG,1600849362,36,-23.72,44.38,80.55,9.22
419,colares,75,PT,1600849362,93,38.8,-9.45,69.01,2.24
420,tabas,0,IR,1600849362,16,33.6,56.92,86.0,9.17
421,ucluelet,100,CA,1600849363,90,48.93,-125.55,57.99,3.0
422,verkhnyaya inta,100,RU,1600849363,90,65.98,60.31,41.02,0.89
423,zemio,7,CF,1600849363,86,5.03,25.14,79.45,4.23
424,snyder,90,US,1600849363,100,32.72,-100.92,62.6,1.72
425,winnemucca,1,US,1600849363,21,40.97,-117.74,69.8,5.82
426,olafsvik,96,IS,1600849363,77,64.89,-23.71,37.9,31.47
427,chulman,44,RU,1600849363,53,56.85,124.91,56.89,3.06
428,codrington,64,AU,1600849364,71,-38.27,141.97,48.72,14.34
429,hami,6,CN,1600849364,21,42.8,93.45,79.48,1.28
430,bograd,40,RU,1600849364,76,54.23,90.83,57.2,4.47
431,mazatlan,75,MX,1600849250,88,23.22,-106.42,84.99,3.36
432,gao,33,ML,1600849364,44,16.64,1.64,87.87,6.33
433,atbasar,100,KZ,1600849364,83,51.8,68.33,49.03,30.06
434,komsomolskiy,1,UZ,1600849365,27,40.43,71.72,73.4,4.7
435,road town,97,VG,1600849365,89,18.42,-64.62,82.99,5.01
436,konstantinovka,100,RU,1600849365,78,49.62,127.98,60.1,6.4
437,oakdale,1,US,1600849365,82,44.96,-92.96,64.99,4.7
438,cockburn town,87,TC,1600849365,76,21.46,-71.14,81.93,8.34
439,manicore,100,BR,1600849365,100,-5.81,-61.3,73.4,2.24
440,vardo,31,NO,1600849366,70,70.37,31.11,44.6,19.46
441,taltal,55,CL,1600849366,76,-25.4,-70.48,55.18,0.92
442,nuuk,0,GL,1600849366,85,64.18,-51.72,32.0,14.99
443,gondanglegi,0,ID,1600849366,49,-7.75,112.01,91.62,15.64
444,aasiaat,82,GL,1600849366,93,68.71,-52.87,21.16,8.48
445,los llanos de aridane,100,ES,1600849366,65,28.66,-17.92,77.0,2.24
446,kailua,20,US,1600849126,74,21.4,-157.74,78.8,10.29
447,baijiantan,100,CN,1600849367,23,45.63,85.18,75.45,20.78
448,xian,0,CN,1600849367,50,34.26,108.93,77.0,4.47
449,labuhan,97,ID,1600849367,63,-6.88,112.21,87.28,10.36
450,grivenskaya,0,RU,1600849367,41,45.65,38.18,77.0,12.82
451,kampong chhnang,97,KH,1600849367,64,12.17,104.55,88.56,3.02
452,szigetvar,12,HU,1600849367,77,46.05,17.81,64.4,2.24
453,acapulco,46,MX,1600849218,79,16.86,-99.89,78.85,4.21
454,constitucion,29,CL,1600849367,72,-35.33,-72.42,51.76,5.64
455,kavaratti,0,IN,1600849368,80,10.57,72.64,81.52,19.46
456,hervey bay,100,AU,1600849168,86,-25.3,152.85,73.99,3.0
457,fairlie,72,GB,1600849368,93,55.76,-4.86,46.0,2.24
458,melton mowbray,75,GB,1600849368,93,52.77,-0.89,59.0,6.93
459,santa isabel do rio negro,100,BR,1600849368,98,-0.41,-65.02,73.09,1.57
460,talcahuano,69,CL,1600849368,76,-36.72,-73.12,48.2,6.93
461,bereda,100,ES,1600849368,100,43.27,-7.54,62.01,8.99
462,mahebourg,40,MU,1600849369,61,-20.41,57.7,77.0,11.41
463,salinopolis,28,BR,1600849369,84,-0.61,-47.36,77.54,11.05
464,honiara,75,SB,1600849369,88,-9.43,159.95,80.6,3.36
465,disna,0,BY,1600849369,72,55.57,28.2,63.86,7.78
466,la asuncion,98,VE,1600849369,84,11.03,-63.86,81.82,14.32
467,roma,90,US,1600849369,93,43.21,-75.46,48.0,4.5
468,lalmohan,100,BD,1600849369,78,22.34,90.74,85.42,10.16
469,honningsvag,20,NO,1600849369,61,70.98,25.97,46.4,10.29
470,thunder bay,5,CA,1600849276,100,48.4,-89.32,48.99,3.36
471,cabo rojo,100,PR,1600849370,92,18.09,-67.15,77.0,1.99
472,parfino,17,RU,1600849370,71,57.97,31.65,60.42,6.76
473,angleton,90,US,1600849370,94,29.17,-95.43,75.2,4.7
474,bathsheba,20,BB,1600849370,78,13.22,-59.52,82.4,10.29
475,summerville,1,US,1600849287,93,33.02,-80.18,53.6,1.54
476,beyneu,2,KZ,1600849370,23,45.32,55.2,69.04,7.54
477,mingshui,90,CN,1600849370,69,36.72,117.5,73.4,6.71
478,nouadhibou,0,MR,1600849371,83,20.93,-17.03,73.4,9.17
479,atar,28,MR,1600849371,33,20.52,-13.05,90.57,2.98
480,pascagoula,75,US,1600849371,83,30.37,-88.56,69.8,4.7
481,angoram,98,PG,1600849371,79,-4.06,144.07,81.36,5.01
482,shubarshi,44,KZ,1600849371,37,48.59,57.19,68.7,24.47
483,talaja,100,IN,1600849371,75,21.35,72.05,85.08,10.0
484,kerrville,90,US,1600849335,88,30.05,-99.14,70.0,5.82
485,abonnema,40,NG,1600849371,94,4.71,6.79,75.2,7.56
486,peterhead,31,GB,1600849372,75,57.51,-1.8,50.0,9.17
487,kargat,93,RU,1600849372,67,55.2,80.28,49.3,17.2
488,lagoa,100,PT,1600849372,72,39.05,-27.98,65.82,25.28
489,san jose,20,US,1600849247,82,37.34,-121.89,61.0,0.87
490,san andres,20,CO,1600849372,78,12.58,-81.7,82.4,3.36
491,pangody,98,RU,1600849372,70,65.85,74.49,42.94,14.9
492,havre-saint-pierre,90,CA,1600849372,100,50.23,-63.6,46.4,8.05
493,laje,91,BR,1600849372,85,-10.18,-40.97,66.63,8.28
494,karachi,89,PK,1600849273,44,24.91,67.08,98.6,11.41
495,sorong,100,ID,1600849373,80,-0.88,131.25,81.95,11.16
496,borgarnes,75,IS,1600849373,64,64.54,-21.92,39.2,16.11
497,belaya gora,45,RU,1600849373,72,68.53,146.42,44.47,7.14
498,rapid valley,1,US,1600849090,42,44.06,-103.15,66.99,11.41
499,palekh,1,RU,1600849373,70,56.8,41.86,59.67,6.04
500,buraydah,0,SA,1600849373,19,26.33,43.98,98.6,9.17
501,valparaiso,96,CL,1600849373,72,-33.04,-71.63,52.0,9.6
502,sao jose da coroa grande,60,BR,1600849373,81,-8.9,-35.15,74.71,9.93
503,ilorin,100,NG,1600849374,84,8.5,4.55,77.0,5.48
504,shache,16,CN,1600849374,15,38.42,77.24,81.39,7.43
505,sarangani,100,PH,1600849374,66,5.4,125.46,85.55,5.93
506,lahij,90,YE,1600849374,28,13.17,44.58,96.93,9.31
507,osiao,44,PH,1600849374,76,13.09,123.98,84.22,7.09
508,san nicolas,75,PH,1600849374,74,18.17,120.6,87.8,11.41
509,port moresby,40,PG,1600849374,88,-9.44,147.18,80.6,11.41
510,tuzha,100,RU,1600849375,56,57.61,47.94,52.99,13.22
511,charyshskoye,3,RU,1600849375,51,51.4,83.56,51.64,17.11
512,sur,100,OM,1600849375,33,22.57,59.53,93.18,9.33
513,jackson,1,US,1600849203,58,42.42,-122.83,57.2,6.93
514,cuamba,17,MZ,1600849375,34,-14.8,36.54,84.54,7.56
515,koster,3,ZA,1600849375,47,-25.86,26.9,63.3,8.93
516,killam,42,CA,1600849375,80,52.78,-111.85,52.02,10.83
517,madera,0,US,1600849375,38,37.17,-119.83,66.99,3.38
518,kaliua,6,TZ,1600849376,30,-5.06,31.79,83.73,9.24
519,mwinilunga,0,ZM,1600849376,29,-11.74,24.43,80.29,9.64
520,vanimo,82,PG,1600849376,72,-2.67,141.3,82.89,5.28
521,kibuye,75,RW,1600849376,72,-2.06,29.35,68.0,6.93
522,general roca,0,AR,1600849376,42,-39.03,-67.58,50.0,1.99
523,tartagal,0,AR,1600849376,59,-22.52,-63.8,58.89,3.31
524,abha,49,SA,1600849376,11,18.22,42.51,80.6,23.04
525,cheremshan,100,RU,1600849377,74,54.67,51.5,56.16,16.71
526,vuktyl,83,RU,1600849377,81,63.86,57.31,46.24,9.78
527,santa ines,18,BR,1600849235,98,-3.67,-45.38,71.53,1.16
528,lyngseidet,99,NO,1600849377,72,69.58,20.22,44.6,20.8
529,vestmannaeyjar,75,IS,1600849208,80,63.44,-20.27,39.2,9.17
530,machiques,100,VE,1600849377,77,10.06,-72.55,75.63,3.36
531,boa vista,100,BR,1600849377,78,2.82,-60.67,80.6,4.7
532,nyurba,0,RU,1600849377,51,63.28,118.33,59.41,5.08
533,itoman,75,JP,1600849377,83,26.12,127.67,82.4,2.24
534,jaicos,0,BR,1600849378,72,-7.36,-41.14,71.71,5.75
535,san patricio,100,MX,1600849378,86,19.22,-104.7,76.62,4.76
536,monywa,75,MM,1600849378,64,22.12,95.13,90.72,9.8
537,ushumun,100,RU,1600849378,81,52.78,126.53,52.2,10.33
538,dawson,1,US,1600849378,82,31.77,-84.45,66.2,4.99
539,dharchula,57,IN,1600849378,49,29.85,80.53,82.22,6.71
540,ongandjera,0,NA,1600849379,15,-17.88,15.07,83.17,9.01
541,desaguadero,0,PE,1600849379,61,-16.57,-69.04,41.34,1.41
542,yerbogachen,0,RU,1600849379,56,61.28,108.01,58.26,5.61
543,altus,90,US,1600849379,93,34.64,-99.33,66.2,2.98
544,sapa,88,PH,1600849379,70,5.15,120.32,84.88,3.04
545,adrar,0,MR,1600849379,17,20.5,-10.07,92.5,2.13
546,sinnamary,86,GF,1600849379,88,5.38,-52.95,76.03,10.94
547,wau,12,SS,1600849380,73,7.7,28.0,83.52,4.56
548,juba,100,SS,1600849380,87,4.85,31.58,73.9,0.74
549,victoria,97,HK,1600849380,66,22.29,114.16,87.01,13.0
550,lac du bonnet,11,CA,1600849380,99,50.25,-96.06,55.99,3.0
